{"cameraMode":{"drawMode":0,"name":"Shaded","section":"Shading Mode"},"sceneLighting":false,"audioPlay":false,"sceneViewState":{"m_AlwaysRefresh":false,"showFog":true,"showSkybox":false,"showFlares":true,"showImageEffects":true,"showParticleSystems":true,"showVisualEffectGraphs":true,"m_FxEnabled":true},"in2DMode":false,"pivot":{"x":0.11534261703491211,"y":-0.14991545677185059,"z":2.1433358192443849},"rotation":{"x":0.08361387252807617,"y":-0.9163251519203186,"z":0.2828589975833893,"w":0.2708548903465271},"size":2.5988759994506838,"orthographic":false}