{"cameraMode":{"drawMode":0,"name":"Shaded","section":"Shading Mode"},"sceneLighting":true,"audioPlay":false,"sceneViewState":{"m_AlwaysRefresh":false,"showFog":true,"showSkybox":true,"showFlares":true,"showImageEffects":true,"showParticleSystems":true,"showVisualEffectGraphs":true,"m_FxEnabled":true},"in2DMode":false,"pivot":{"x":-213.54971313476563,"y":0.7315890789031982,"z":253.2242431640625},"rotation":{"x":-0.012502927333116532,"y":0.9674215912818909,"z":-0.04881376400589943,"w":-0.24818585813045503},"size":1.1979175806045533,"orthographic":false}