{"cameraMode":{"drawMode":0,"name":"Shaded","section":"Shading Mode"},"sceneLighting":true,"audioPlay":false,"sceneViewState":{"m_AlwaysRefresh":false,"showFog":true,"showSkybox":true,"showFlares":true,"showImageEffects":true,"showParticleSystems":true,"showVisualEffectGraphs":true,"m_FxEnabled":true},"in2DMode":false,"pivot":{"x":94.85829162597656,"y":20.325618743896486,"z":13.526771545410157},"rotation":{"x":-0.03089161217212677,"y":0.9616236686706543,"z":-0.24391569197177888,"w":-0.12182585895061493},"size":21.601749420166017,"orthographic":false}